district,min_noise,max_noise,summer_noise_complaints,min_arrests,max_arrests,density,ldensity,p21own,p21rent,mhhi21,mean_noise,mean_arrests,living_alone_ratio,same_sex_ratio,black_nys_ratio,black_fb_ratio,white_transplant_ratio,femHHH_ratio,drive_ratio,train_ratio,walk_ratio,bike_ratio,wfh_ratio,bus_ratio,hh21olongp,h21p,nha21p,nhb21p,nhw21p,mex21p,prican21p,domin21p,colomb21p,kor21p,chin21p,venez21p,hh21op,hh21rc,range_of_arrests,range_of_noise,cvap21bapp,rv21irp,rv21italp,pg20jrbp,pg20djtp,dpp20bs,adams213p,garcia213p,winda21p,perc_retail,perc_finance,perc_healthcare
1,2.00496992634475,18.2023680433205,17.8293522701946,0.582202236107985,4.94727376555466,21901.5095856488,3.29782295497928,386.237359547209,1134.84869985873,36261.318451443,25.0559093473553,5.52533737117468,9.06123987881302,0.463457495420936,2.99351531364872,0.614151413970696,20.9664986832965,8.30224044926894,4.86954899941769,0.954670010881827,24.9266056392873,2.67409754823444,16.3140690084487,3.95387179163306,34.5524868791245,12.0804104605188,29.2952783129729,4.41784904758409,50.1714044927432,0.919164978140246,5.20030220474565,1.83530993096176,0.342948233487631,1.18588147148795,23.3675507933955,0.178573654672376,25.6694912217066,167.274675480234,12.08861654822,54.2136042898314,62.8955453450093,2.95274370639507,1.5640641542903,82.202125647074,15.1957048978613,108.134905596674,21.9440461464125,58.2254404783631,0.604831610457382,6.79767710184078,14.2188965728289,13.1607110975592
2,2.69939022440153,25.2909432631608,28.0564541654807,0.425133748612576,2.45861828351448,24116.5560294468,2.73274596052351,317.507208865773,872.179778327351,25628.1670655277,45.6903694437817,5.65067761383766,12.1722579687767,0.929039011422127,5.26405862000604,1.11423563770834,23.2557373635438,8.85888635846193,5.10360054169099,1.14571155872709,23.9181048183392,5.40148799200067,17.179151401382,5.85781410367226,39.5280462136099,19.4576120051078,14.8380651131092,7.55217212319711,54.1973253923609,1.03109402941757,10.1131202657286,3.34824065538345,0.458738152020347,1.13953438555902,8.70185872873449,0.212006182667951,25.155207127315,75.0539942568744,9.88307112651155,102.762842417625,60.7973262718762,3.24733129419399,1.74165116485527,86.0216396916196,11.6486927205302,141.828402191901,23.7187804531407,61.6575101193063,0.85347262407315,6.88337453639811,12.598056604242,11.9427266377881
3,1.6264452527732,18.6097019492145,18.4417303922149,0.733569670247688,4.30825536693175,19183.0787483041,3.06876476846782,355.951000532062,899.721633197907,35599.922008291,27.5550533109243,7.49596330591504,17.5782676198373,1.36335458934098,2.59296177711394,1.18866571142392,28.8858708324367,5.05425878128695,4.5385754084633,1.28567031988196,23.8176487146086,3.34627411566682,18.1069667923109,3.11405744812084,28.9274459280245,14.4887789528437,12.9277385307839,4.4577987576733,64.0674202230673,1.75628795085966,4.66976240338641,1.4558050135468,0.952691738810202,1.51966143322575,5.1508528828063,0.184501073621832,27.6443611077335,73.8576323511275,13.2641256407779,63.6149057312058,74.4521375831937,3.845057392716,1.73282715067265,86.6565485840262,10.9022570400607,109.263669674792,20.4634586429014,68.1327687810063,0.597562348766161,5.80384114036525,14.9092521940647,8.07176631089161
5,0.793348462207785,6.94726431362508,7.34954908321089,0.276897632886748,0.803184471930462,36072.4793362776,2.80192403377724,460.088403232862,886.140696996142,29888.1518922395,14.7676596367305,2.22725891756407,8.9045257224391,0.481109781492025,1.72835757549557,0.85348817298698,22.2915428062932,5.47164387429012,5.54537730230925,1.24214330387904,19.4177764399414,1.27716228733199,16.8560059743295,7.67491878589824,38.3542825699458,10.7507249461191,11.1360570488105,3.69340311128686,70.6981426400781,1.96674000425166,2.64315040546801,1.30197401700384,0.572852565027849,1.54664828188719,3.54295321726363,0.0730571451673043,29.8447044855382,127.883206401728,2.70602616912493,33.3716811483804,73.1130793486959,3.96758329528431,1.66032815738418,81.1706569952312,15.616394384147,97.5637375343351,23.3145891284604,65.3719002626664,0.361954915004564,5.57777729458843,13.7149686707802,14.3434044093767
6,0.917160853957806,7.87400499701414,8.87418239672378,0.192007265069428,0.804468478951427,18174.0089975861,1.83885150763607,465.89774075503,699.901493603034,21417.7081849344,24.5270784104527,2.51508753551426,8.52159700810086,0.604737248940262,2.5088359514181,0.99346909955821,24.5883355137036,6.09660530636755,5.51829293592546,0.974228089982441,11.699420748228,3.2743556815161,23.4343179377651,4.02664457058081,36.434526845216,12.3939677462235,8.79986546993606,4.0342718501653,69.7050020071443,2.2594519721668,3.53698874965529,2.52577558540795,0.20672143034387,1.28978176905637,3.33294454893833,0.110564401723956,37.698862686136,169.888239887551,4.20428365937873,47.8362071236581,78.0486649305683,3.28853739922275,1.33899659370187,87.1374473857577,9.96067203861104,164.360158514299,20.2182607712831,70.6430499610738,0.513630332434927,4.9037062950502,13.2079710171751,10.2412490238248
7,5.06257283246484,38.9643743638839,81.3371722174523,0.417640862799477,2.04942097772757,19863.2730096452,2.21446402585966,195.048759193115,1071.71243560183,13457.0920562517,105.048944337096,6.02815619719291,6.41175304079376,0.314910624359184,11.6163242122856,4.87400791639949,12.9832250292832,16.5744133519423,5.4154805217896,0.915306092470175,13.8007535282139,1.86671876070626,16.4949274190348,8.10780257682271,39.324924809817,42.3988962253235,7.94538896557592,17.5605225653089,28.8374464086666,4.82390854851694,5.89706353587089,22.6573306450653,0.626498462691649,0.856303932337222,3.73868139314352,0.114977675399642,17.8210889461337,161.995874798576,10.2870364694851,223.41333116176,44.9242836399587,2.13398538784982,1.69448577781657,89.0984471981746,8.92741653644559,224.099340145322,34.6715440736373,49.7595424502849,1.78818563618635,7.84342947056013,6.46964072635084,16.7138092470423
8,4.18910335180522,34.4286231188588,69.2903365455099,0.738910475521025,3.49530631422812,19670.6996644352,2.98803271231498,90.5307948925445,1245.48531404033,8479.90012672616,57.6571373398179,6.87850350600365,6.53749571410365,0.191606821578023,25.5031428770778,5.32980638800735,2.86330910777287,30.0997693799382,9.69919347738343,0.824026651414024,9.61201423227935,1.15511982161889,7.56436143439999,11.2524625979478,26.9652371791591,57.4025549050603,4.6345860784795,27.6858974173166,7.78386892964252,6.76676855920743,23.4224640928429,17.3168867501182,0.47661781839702,0.185362044326368,2.73665412002063,0.073685497716147,6.75847325358283,238.292825498772,11.0344267375949,142.488296552987,22.0531523696823,1.54294483583007,2.0620488532323,86.727724030112,11.49663362989,117.477341169497,55.4981380475835,27.636178281795,2.18876014732071,10.9318234679957,4.3846199805006,24.1920493355549
9,5.23565204619114,32.1556306964236,65.9107784111098,0.472506413255747,2.71009297056564,24020.5115108324,2.79860295057738,192.073289725072,1076.52736220887,14591.593110774,68.0846700069581,5.65635260528803,7.30926764193505,0.224121291100499,34.1630683798708,8.38957114723491,7.14461940087417,23.3309962849533,8.5248636138648,1.07128597058713,7.51927798068148,1.29394373576489,12.2831324892985,7.68096680663039,18.0394242601347,25.4652933115314,3.99910736276672,49.3780958988573,14.9887767319139,2.9904404156855,7.09138437353126,10.0235775095262,0.401458692894313,0.460549703608752,1.20054256765389,0.227462586528748,14.351963896762,139.64557151422,9.71317016705129,119.286672241923,38.7512837777152,2.53163409864898,1.01194943586982,92.4536966237492,5.66006142571515,125.583058339191,54.7368054803181,31.0839131104109,3.62023613327288,9.62427043304579,5.95763651962291,20.101612195919
10,6.29739855715052,67.1495656925558,155.654229810563,0.38260491268035,2.07488780970664,24141.1153425905,2.46346041878631,127.046982162042,1380.91727253766,14262.5218290848,146.684972370922,6.05309750088749,4.6208885665815,0.542454050736744,5.47651227593633,3.35661610606162,8.82441862905849,23.2842769163402,8.77712286010765,1.06478500226366,10.8588806905672,0.592808617810257,10.5525776336084,8.36550295095675,23.9637330776018,67.8256007855186,3.20881443020948,5.89630955804891,20.3646376033529,3.93323299842967,5.40092432873853,46.2628873769762,1.01853142952133,0.261787268390546,1.16255712690103,0.412726126481048,9.2563601765554,342.397513477148,10.2975983216567,348.974244770746,38.2219449247885,1.5927746956172,2.50931534156932,83.4683539399555,14.4826577114576,204.259672894651,39.6820469662832,41.9658505978587,0.726035709661835,8.94023634813558,5.20301321996311,20.3875642118549
11,2.99437794806526,53.9645687900671,101.18808127011,0.487307532651761,2.12306868645722,17731.0579156101,3.63248935924728,385.802607653345,984.306052238476,23532.4916970364,52.2270222837457,3.21137562168074,5.95890271971007,0.203372924175056,10.8451315503152,6.25064944826207,5.3861559083019,17.0015063727966,27.6589047899948,5.01927509978887,6.72557123995615,0.372287907407897,10.062361573555,10.13808212469,38.4789014426033,40.3193679563011,5.68059167318277,16.7531966756317,33.4477614236993,3.75644056095364,11.1477824377125,16.7142455938105,0.730923641480605,0.536404557794346,0.730126762898623,0.192839388762932,32.6315795675443,167.445350381062,4.93257163249876,149.285744546612,39.2801086586785,4.44580871401698,1.89981600209095,76.1102653376204,18.6081911636429,87.5621631269271,42.6293377742026,42.2084095126296,3.58108843717302,9.29339574409431,5.12087858059124,25.6677148838717
12,1.13232598325781,108.791308117082,221.120230560391,0.474152943444654,2.2142046190911,16760.5737773655,3.78031557349115,609.071048313969,807.784267132379,21673.8101934747,52.168236293792,2.528030338191,4.99039460468554,0.0996940963501774,32.6421151492566,25.4323183837338,0.275091037129265,28.415633124709,31.771204196445,1.4615352050624,5.95829389866088,0.273308725591285,4.86341922890128,18.6788101138845,42.974080016518,29.5905676493094,2.28575753276676,61.2252697159161,3.43700626736605,1.72909868898468,14.2470309141383,8.88796587746501,0.377342323390987,0.00815360658579698,0.185775441938919,0.0836097764986435,41.175966027891,92.0794544400201,4.5593785948175,189.357622345344,24.3518747085207,2.20750242129465,1.13789397651268,90.2717409424633,7.65202049608833,71.9562607371124,75.5345175626253,13.7589425203824,21.0989476844123,10.994900219544,3.45735399520568,34.714178761413
13,1.65264311898865,17.8439104689156,28.8102193968221,0.643570513525888,2.04441899286536,14923.5149642116,4.74265577928375,685.533774078142,818.625436877884,33483.6384797867,16.8342453786992,2.3204357634437,4.51817841258654,0.375806247286471,10.987903061366,4.65276025275765,2.25695318571639,20.1612524929526,37.4216908556388,0.815676572513828,6.0101641795586,0.490712076934031,5.585281418442,11.9665897490973,40.839878728045,44.0823326915422,7.5047730855478,14.2024461889393,31.4735958456799,2.77115824205552,20.5519029179504,12.0653216539815,0.498886611574235,0.28328479448328,1.4421502733552,0.211293844535484,41.2121208306638,71.6961087156743,3.0999376301815,36.0629720811832,28.321153427649,2.72419181017141,4.0543143402306,63.8011938855124,31.1767297845696,56.6628308156815,46.9595943803081,35.0829211829157,3.00378568629569,10.866594143534,4.71972805294267,24.6886117717227
14,5.58584272144276,64.64364790366,142.005445146666,0.384502953789298,2.93296395789466,37388.1403633879,4.27636621845109,116.67749661577,1648.99272684928,13805.3304041032,65.9456215993039,3.49917873822613,4.3116097595163,0.116476878657386,14.2380655023939,8.7888530816727,0.56457822824874,33.5470286942617,15.0431594110486,1.72840211124139,7.79629722583718,0.564365709844844,6.51032538949837,17.9461698645736,39.7096449992375,74.6977722758337,1.91847863034921,18.4816879102453,2.78771568466398,6.28382881955907,13.5639355322449,44.3429125294089,0.410215387327798,0.0623465902843102,0.0919751313515982,0.28489178791124,6.80552514195734,324.302939364171,7.11023048885042,176.009144831437,16.2450913426353,1.09145435912172,2.33514012430357,82.5974886285477,15.8216651366917,83.4543661470063,61.3152959110199,21.3529132080997,2.36867199848402,11.7236562560622,3.30374984028126,28.0567474472349
15,4.79511180001826,50.7388659659479,93.5060654164275,0.872937245810858,4.55813947198233,36973.6455126391,4.94445330713661,149.759056300999,1589.72804445681,16826.9387728014,45.9376463644284,4.73563113840844,5.15298357319335,0.118528704242718,20.928467553169,9.88126812509733,1.45921193454664,31.6449487149167,17.2892109936545,2.49821528236093,7.63363158116822,0.280242360311985,7.60126320888716,20.2746416107116,39.9790723149553,62.3370724273641,2.02630253175121,27.6657740484411,5.60274994186371,6.80870557340901,18.245327456674,28.4732913455121,0.538875624571883,0.106016543389497,0.0908651419359391,0.105058632394372,11.6454797819106,245.357703210923,8.76535648917752,106.380625861022,14.065066637521,1.54727118557775,2.17936990757378,80.9895241362115,13.7671917981499,59.0384158380226,59.1486255972471,20.8959048606422,2.07884029867531,12.1355335956409,3.1206867525452,28.6238747339197
16,3.55551519590144,49.5478675652279,103.643068496721,0.507138818197624,3.66247303358598,37189.2158709242,4.26170619255682,92.7681240383878,1770.47196063158,12836.3014206703,53.2402769269858,3.80941326390464,5.0236206021882,0.0454485912001509,26.574048185383,11.3845221465003,0.39557798396932,34.5550957815915,15.7905762039999,1.08890616447029,9.12233958317471,0.503872033792884,4.46487722413249,20.4769080934031,34.1106348250009,60.366425353825,1.02799649145462,34.8448563837047,1.83711417913585,4.91919556464483,15.156953190908,31.7203878196638,0.186522422787326,0.0211721408317683,0.107218718459087,0.0514741016121054,6.48744691450453,284.091780327582,7.90197277704769,129.652572602115,13.4370697457321,1.44836463566749,1.91732695155654,86.332747426066,12.0393691169135,86.6563599414464,67.4888494241664,17.5189561026913,2.59817827314887,11.4642037535144,3.17980302191118,29.4197821848871
17,3.59853546087941,35.824705289903,72.1343026804852,0.842538414738996,4.82697489250275,24183.875949529,4.40027927702124,169.416743195697,1413.55464811166,12967.2428537642,42.3311081410919,5.78618696811743,5.0904950677518,0.108096546297825,24.5465654468643,7.90382809771453,0.402079730069794,35.4849608555488,17.9166160328834,1.98469327884727,7.45060452280158,0.654251310251874,5.19982007527996,16.8214037844255,42.4766178532209,66.1815240241394,0.739686990115927,29.4758044065977,2.04452850326624,5.97470698666916,25.4307303165116,24.006071595894,0.435501915823331,0.0422274108639716,0.207853522473715,0.150090445986379,9.97061205466753,205.193391213817,10.2833993759682,89.5375930415572,15.0641155806283,1.3465508744391,1.98724329589458,85.8882455484223,12.2194304640072,76.8181376741849,68.3898241837226,18.0314079818919,2.19199105711035,11.8926386613332,3.06349900408152,27.6683838882424
18,2.05758542765008,26.7102028283029,48.8610697193053,0.451462342312467,2.51679251789997,19024.1929447882,3.49738215173907,384.92475362372,1102.93277120372,15141.9801639789,34.2152782038538,3.09316128134921,4.54379470830535,0.165083937170964,20.3864591616584,7.08246223471249,0.252929300822546,29.5047071681545,27.6117855447141,0.71380121317782,6.13721876285831,0.358889641927307,5.18747424413674,15.7084729465719,42.5294477546812,57.9524046088833,8.94786650309716,26.7969216717444,2.76582739370421,3.35766808751611,25.9333908588585,18.2222737248668,0.641045130499459,0.0283290246284456,0.523872428258929,0.0793545250521817,22.2916559402847,176.032754537739,6.4574866552202,80.6562989261212,19.3955803294022,1.27788257611066,1.97283727769412,85.5429058764457,12.6378490421225,81.259286501808,61.4187187401097,21.4963155307492,3.31094571215015,11.8910847534166,3.83075668657559,27.2423719443453
19,0.75999406390217,12.1092711735977,17.5768171152731,0.50391429874064,1.389666573561,8652.64917495132,4.77161347834221,1201.08639108105,593.067353940148,44386.2695962752,8.79638164380492,1.66702658798376,3.64205287874941,0.145486878696514,1.07136511621037,0.378989176051049,1.94708193952698,11.4013890252803,50.1832437118519,5.412867452341,3.78873850409312,0.181161556313351,8.37500466981302,8.4512056585259,44.4806413498875,17.533032044904,35.1875655248427,1.33057737633159,43.8206565164631,0.985663067099199,3.4109866956358,2.63927447122443,2.57937254969766,9.38769697048567,20.7775282440646,0.228178901206433,68.3316050243889,32.8270035799421,1.97819656244077,24.6505072500302,40.1799247061839,3.00615747364854,3.5739270954798,54.6746486812506,43.3732173294033,39.4876894745719,29.0489162703935,47.4376999789391,0.202036960625869,11.1293985898762,6.22760037333726,20.4753584654048
20,1.07213654292188,12.8169897348521,16.3279083176953,0.886519466777491,2.8998007117485,25902.653367709,5.83269889463559,855.030635909011,1187.62903054557,30951.5770282948,8.94969396768359,2.43967708656318,4.51033383888724,0.148728019231671,1.34050163645425,0.596649722543312,0.659761370527684,12.7632157170262,27.9404404307466,1.04233409322926,13.8851805130856,0.462968007872077,6.41073684395906,14.387506446103,37.3427167400757,14.9059969840454,68.1024310504766,2.09847745131089,12.762098878716,1.55690360770376,2.43171473340349,1.85417224206133,2.26095086460336,7.18039891622906,50.8054432048124,0.0294587002679128,41.6665392343247,135.550717816138,3.48295968161896,23.1219428675576,32.0770163762079,1.11041598564749,1.44640987414796,62.7618207359821,35.0044579148356,33.7766259517477,29.5615799985787,32.0464471763771,0.393693562766183,10.8340338352736,4.89456005110754,24.6199934906577
21,1.67425130510923,33.5966986324301,58.6474938293821,1.23550973880323,4.28347876968544,57821.7054393604,8.24850983260477,723.121576513532,2199.63509348987,44900.2616814482,19.4068842718494,3.04850658116199,2.26341942347455,0.109273699490656,6.44281542355442,3.66888312760993,0.595219275150844,19.941785038942,19.2128612209328,2.19441449432257,9.03315616339276,1.11848669324387,3.54703797156922,10.0463013873351,33.5536573327183,69.4424855499561,12.9364741088936,9.93902487605944,5.95107761379289,15.4731975529435,2.71874481056137,15.4919858974254,4.64231005932334,0.188309983956601,5.53092505822738,0.226326539428619,28.4525872740051,303.215135764238,4.25986934022958,49.2984985452037,20.2951862414323,0.821339252103831,2.13679666488846,76.4893442780554,22.0455655460635,69.2304789168309,51.79114300984,27.8342304584494,1.69029437589071,11.594784569451,4.32559253717419,20.2070445553566
22,1.43483671445628,17.4228253616997,28.3409231744004,0.779939491314693,2.42743127374756,20763.8133775802,4.93530191921879,412.925277368754,1062.0170601815,39873.5453880016,14.7458669933529,2.59212005495486,6.57459266836409,0.478488082227414,2.41988381232411,1.0531707502108,11.6428178542628,8.9309157133064,17.4970361022431,0.390623624121239,5.68407173701408,1.32400880446337,13.1195443615489,4.35886058817241,52.1552965898197,25.9252761776375,14.9586790116251,3.60945999232867,51.1913200760969,5.24235236047765,4.11745573091196,2.6691031242861,3.42492165697702,1.15592942385604,3.83896791740639,0.381694983527636,27.6195931017331,80.6429853667022,3.3858810199573,35.5611566532208,49.7464665596406,2.85794220476395,2.38050463167018,74.3489499788291,23.3165934643031,127.397991692175,23.2014269358624,56.1087352312254,0.337785221285206,8.62555718217294,8.21873610268302,13.6132067994578
23,0.565992635082245,7.44694742395266,9.8563223981315,0.635650545247309,1.45657787357993,8641.30158573639,4.37445726416026,1003.66470373394,532.531466659453,38946.1229775655,6.20684859680978,1.74903018542191,2.77401871413778,0.122849403838108,6.80849723751293,4.78617151678256,1.19230474120699,11.9344483151431,51.4984309276036,2.04289235993817,2.0201315962805,0.12984561210745,7.79671508563738,11.4941449535056,40.7015736533474,15.8434448933054,40.625796925585,11.7840335584175,23.1429849745845,0.644884736058376,3.46934141445055,2.33938585283348,2.36659783913387,5.40470816023658,14.8422804966611,0.109162715410024,64.4085663550849,45.2598746535526,1.69993077860994,17.4844164373852,40.5556844294815,1.93768157723397,1.73463684722224,66.7453133035732,28.7591997011193,47.2608449801417,38.9472427339662,36.0855973685731,5.22481883476257,11.6476553813049,5.53989791499317,24.5857857307535
24,1.11640666929991,11.8424499003174,17.6641495835422,0.62586896857101,2.57686228261159,14555.5606247356,4.31767323936211,764.170630703158,899.72047734775,32767.5653427576,14.1568199648934,3.68911251264775,3.29006812383836,0.17019810639193,6.60858594592979,4.66887197869678,2.09219387631886,14.4015706806343,33.1149009387842,1.175859054529,6.94233848009352,0.368999689631241,8.24894424478424,13.3828049450894,40.923120617795,23.0357706651774,32.1285563511222,12.7452185785706,26.351293654289,1.85702903060519,4.01011045414009,3.80813353113554,3.52346378893742,0.687304757618797,11.8397400962814,0.0405087688015157,44.9555384007367,146.29960147883,5.91428004981674,29.523001873734,38.1037212587436,1.1626752783522,1.25655007535401,67.5911550085696,30.3013786815543,50.8471722867365,46.6857553720231,33.3888051649081,3.25938073171174,10.9666269195164,5.67136380260294,24.7938870145667
25,1.47010188768805,14.8964609028671,24.5005565661984,0.490152762654933,1.74002852129025,30593.3722355613,4.18624113744009,558.659970931351,1201.79270490805,23782.8664355985,16.5395232366478,2.47782670154452,4.27049389384194,0.195029301177752,1.29321805119886,0.79835361522378,2.31128305159559,14.4725376349012,17.1405568996003,0.690367929263237,7.42294806246464,0.999443523281614,8.34127063209955,5.14466904351759,36.5994988577762,41.094548462387,41.2012532864861,1.8283794355739,13.1731961592618,8.30257393914648,2.26183333222508,3.08744295266155,9.06566589013874,1.51211731059871,14.6491363177803,0.685681533028119,34.7872397271802,274.365417154046,3.61339196652838,35.2195449024973,36.2058753774983,1.15817083276457,1.7075164321638,72.6667504116435,25.202894792214,114.986582996367,26.9404324914168,40.1790936539215,0.323269495069876,10.2435655188374,6.40523277067805,18.328225619554
26,1.99953847494389,19.0241901430183,30.6317622791972,0.591738679838291,2.20354170897865,25871.6251634711,5.65036152078999,376.862763744615,1297.40663644044,42833.7050728368,19.1421482298976,2.01492462030567,6.97557752865317,0.24671400024746,5.9771204695606,1.16515283273453,7.67619242678584,10.9172303871699,13.35916274821,0.93256926838704,7.01883231470725,1.6538050247813,9.91965643309506,4.25107339452417,32.3680819033467,31.5441273897861,28.7457229340837,7.38194645952609,28.7503464883484,7.23112306962676,4.47067333252952,3.58052204245362,3.44699430702032,2.53226663347189,7.21986866856415,0.439573952713119,22.0456209916,140.021531984005,3.00542891341018,39.4159987995932,45.1474346709795,3.10799743163851,1.67560763066681,76.8796103626226,19.8579339107563,108.340089291314,29.3438620031791,49.9143579836089,0.435999764782211,9.14428893680473,8.32657867953313,15.2720663247057
27,0.995000321132282,16.5955572390814,28.466498487158,0.986871948958925,4.03251976976287,17019.925471324,6.78742831958375,1229.63284179774,590.923169874609,55184.5383440811,11.4580982569703,4.34798765450428,2.38976682800041,0.105965739795679,35.126054359077,25.4730358768541,0.258305770543148,26.9033603678108,43.778113102521,1.9790920028063,2.82866906050743,0.263596696838919,5.31887776605169,16.6905298598006,44.788277721464,12.6686950359246,11.0537471084039,65.8077295492059,2.36576792516841,0.70333675006474,2.36271174894537,2.7661561288639,0.619685279489259,0.0376950402596854,0.854087570447646,0.0352022913475008,63.72218432596,62.0797199801832,6.14397573182209,28.8758864528781,24.8133300315999,2.07228542180333,0.561285686797972,91.7596272970608,6.81774682887229,33.2487383040306,79.2437545797855,10.5371786330374,26.1861750128869,11.2919483501811,3.59614123154242,31.6354949391613
28,1.04766943437157,28.0400242473642,51.875794352771,0.989011883849971,4.43665913237771,23715.7107694505,7.09187841960083,1219.35664006258,801.671633646639,53375.5324297794,16.2579809006209,4.2515854107656,2.1568351262238,0.139605850419561,25.4779711604825,12.9685832589908,0.394821503652275,23.0468949146127,40.8054662783729,0.975945983618802,3.34599133782375,0.138395843990857,4.08637250096424,15.5861094064764,44.2382479006775,18.9426266483974,21.473973704794,40.9444384704077,3.61335892495218,1.3709505990776,4.21011022214489,5.14028220847201,1.43443214826644,0.0357727796259701,0.988763295223392,0.0922399386449178,55.2639199725387,39.1787541627332,7.24054118128861,41.8142608486126,21.5118204096394,1.62132193005537,1.12310066718846,84.9770840800149,13.5651935992887,31.3613867178867,65.9110936185714,16.645565065025,12.2806000229643,11.2508257210197,3.90061287061371,27.9383410527996
29,0.839856410684,11.2290140368123,12.9205877392553,0.58402555071514,2.0924227734621,19286.5881077535,4.36823975229701,705.720181448529,744.812158335406,37057.9198203261,10.7794038542268,2.5466551021728,5.42359700297053,0.250634592491146,2.62674901325141,1.3716365171028,3.87331643601426,11.2528611506821,26.3126515473867,1.47904200441243,5.53996569006723,0.348305230191694,12.6650067840007,6.07725917300607,36.6628822492131,19.7514520178193,28.0200069431401,3.72273144498926,43.2310470532084,1.37497565942242,3.98039474703047,2.19325147798105,4.04368813562408,1.38290256734843,11.9162240997209,0.35234972413421,46.6444107665482,109.016443817233,3.67573743074713,26.7681186567735,53.8139230984679,1.9349572034041,1.52813265090116,64.3088544971251,33.7035270891675,57.1924724295015,33.3955703890769,49.0254031779739,0.985729607182387,8.9058315759092,8.40476658686633,21.8892313927776
30,1.0523186753209,16.7979042596715,24.2722948655164,0.736932092818582,1.93893607790755,22839.700953079,6.37650031693511,862.090818537231,910.536573748566,50657.483089785,11.7791790674231,1.73803355213298,3.22818335784791,0.451855648391408,1.3087526916786,0.790880387987937,3.03227902988984,14.0866201535725,33.2968653846889,0.431901555833317,5.08476176205152,0.779634199052529,6.10789144010755,9.8587544846536,46.2229204975201,38.3767538797787,13.2997160906673,1.32973148760752,44.7777963281684,4.7676272485934,8.99129380129447,6.38468763574667,3.38319458009763,1.2948783845463,7.06661308693002,0.269630722917184,49.3156164725969,46.5002265883603,2.1832459381181,31.7635695384788,30.9495434760983,3.23274218698261,3.68621321110638,57.2675034331799,40.2772860676498,53.2403668373761,31.956675461718,46.5572600117121,0.554646250684384,10.4587574960682,6.21928130384502,17.7794287823733
31,0.948651072231533,14.1318042797715,26.7633806145858,0.754102853264784,3.41474515884107,10923.8550790349,4.57513312423565,1097.71920872693,849.60705885954,38524.1528323876,12.4262067494786,4.28996138398402,3.05355695617633,0.17840353030729,37.8822575576705,23.9957561125399,1.20881799432759,26.0895169463002,48.7386085360605,2.56077715431483,3.75055569910937,0.267407690456914,6.03228504654227,12.7478365984739,38.0036525719802,15.9715147670958,3.69088752004557,65.1776345457667,11.4102261256571,0.385225204844999,4.59322032524704,3.91002709920134,0.621804953869398,0.106739516484219,0.479533740511054,0.119073789661144,53.4816237624273,75.2583629269637,6.87446019522773,32.5142590176727,27.1869387308286,2.22298420191728,0.740394647042989,85.8399721705879,12.6159864354314,44.0614045630294,81.5069151363438,10.4609621198459,22.3360508938094,11.0611053791658,3.36983120638436,32.400060680932
32,0.825217930525634,19.8043174552417,34.9995106511696,0.594135891979059,2.22555476954013,15924.439461495,4.87777784602086,1080.7278321663,707.723137378205,39053.93537178,15.7113132690611,2.87368254501827,3.11790223339111,0.193248166752107,5.03982443455339,2.36525760468356,1.83641152967521,16.9289954476168,44.1915123622245,0.570783467815139,4.58935556688073,0.874631193976884,6.31166597643427,7.82353478100586,42.3684941900629,34.0531638372465,16.1502204238683,6.85715251616433,37.1358910603436,2.14170965373382,9.13691307298008,8.25370987448263,2.92781443704604,0.045249722226408,2.80197799752208,0.276456284850698,59.0880918823191,48.6214105079124,4.40988361608653,43.9474245855758,31.1907917735008,4.80947672479394,3.8875865562484,60.2940096039081,37.8311070367654,40.964096258637,42.0475206937395,38.071428408192,2.28945563321197,10.7490946729251,5.29406899494324,22.204656483284
33,1.41093144396312,16.4182463347564,27.3164053223966,0.504367107850043,2.64602048458037,23926.0286797176,4.32368227132494,409.806044989796,1114.08939682558,44187.8373424862,17.1428362881889,2.56865234155799,5.74768778871093,0.477903564154621,4.65571856789916,1.18700480070029,19.1420340988059,7.56723293482677,9.8307676311293,0.424174226133174,18.5472799484021,3.08779931598226,17.6970056486885,2.49997496254238,32.462047985764,13.33351357144,6.41245623087966,6.99666628265688,68.7324069277504,1.88919246073108,4.86352505604581,1.91896236138342,0.803399241322211,0.859597289960872,3.04872333317079,0.296700304176265,26.3835972924344,123.293752651941,4.57537111015265,40.786390059293,56.2175002545701,3.07166273616075,1.39181421073898,74.6286360347175,26.1968272215785,143.01185299528,35.2169710584383,52.2527852098381,0.886580491433175,8.6751233634076,9.40651826995671,12.7090546030972
34,3.28460414059149,32.1117294111772,57.8868366125814,0.491273881805169,2.34829834815467,21791.1974097222,3.96619143191094,213.570547761745,1183.85235769362,29531.1424007447,41.3694368164871,4.0088495264499,5.03173042152693,0.404078291461419,8.31480015718188,2.1211333374251,15.9578562304019,17.5971407504316,10.3930762564639,0.356035882789113,8.02402503676612,3.33007929698948,12.9989502906147,3.59173654148348,31.553297027328,43.0851402648858,8.08358853923535,9.0346656051513,36.5046432469205,6.37259087941723,16.4899003022345,8.58396986778173,1.32763491561106,0.669833800562849,4.58396347406245,0.29763003189693,14.2836796522036,113.224688987728,5.90719997680705,88.3455247795764,42.629073537901,2.46532353834849,2.21822093076383,86.3420933783382,13.3187880517906,194.949783968186,28.9024763230107,48.14799417521,0.920599107203628,9.69915624207476,6.84275081314503,15.596244403466
35,1.98877872499981,20.5977295360617,34.1417021343638,0.467502528727695,2.81946083154133,23261.297684542,3.89092364686758,366.203448638092,957.043651248704,33148.6972521212,25.3382848114033,3.90202866541057,5.53138837178301,0.366718148680592,19.7246346358718,11.4581825461488,17.0060435940468,16.4974661263443,10.3781796493079,0.64403008319314,8.76897485629791,3.15595098029435,17.6298632376424,4.69633996576872,33.3971695528557,14.1081856567816,6.32457560178102,36.0358437828517,38.1261121158163,1.54424965592297,4.41299073684524,3.19415902373154,0.496531865064356,0.75680522386155,2.70724873883923,0.1419076830506,24.4389658798724,85.4197381179076,7.95491331823356,57.4017987880479,54.2081636569038,2.99931469485836,0.916363846850221,90.0999444012017,7.87105654769323,202.090475795902,43.5379295520968,44.2220037625249,9.2781601416359,8.29045307108562,7.94284311453697,16.980395919229
36,2.52567527911526,24.765002355307,44.4095975329134,0.737285806381682,4.11896767129459,25802.5463634398,4.31200373823115,399.857657987359,1083.91476694712,25566.5102000617,27.2469912317895,4.35762017907445,5.46924002277246,0.29963451191601,35.3344267838289,11.6430164676,10.1858372330312,22.6234657244266,13.2436698536738,0.99905472371774,4.8378628616143,4.0029766002248,12.8290741535334,8.59103926516217,35.0014880764237,18.8184034105379,3.3140225686814,52.8318145279832,20.6217323003818,2.67955569078999,6.19539340454302,4.9102695512839,0.429517462636829,0.377349659768943,1.03981142806345,0.299150340615486,20.7234846216252,59.9049788362894,8.04904654038682,57.8519408497908,40.0181986100651,2.8692322640786,0.903197304435824,93.4224295982773,4.38925981485036,171.471720086509,53.9515026428207,30.5971653106791,9.199590349117,9.84339637296464,5.61595057027077,19.6557137345358
37,1.74363305526541,32.4005801389844,64.36108986684,0.613319928188548,3.11905803276207,24692.6446360048,4.76673452877317,435.158914950618,1113.211843626,24554.2636483003,26.933058064555,3.33903934510512,3.81905689140201,0.126962772148682,19.7516066405234,9.67154538821877,4.73215972152871,22.3679389377569,20.3763065199848,1.67442949083204,4.54421816543866,1.2643722748115,7.03466042644493,7.40151271544843,45.5200856903616,52.1869688154547,5.61803837314505,28.4872408990436,10.2080075790602,5.9364004846416,14.1495023016145,17.5283115605049,0.795941896828058,0.236667301247837,2.05411130082899,0.301418482538614,25.1185906105175,128.552561343887,6.05503595868327,69.2304775386922,24.0378262139282,1.75656010927573,1.9088174032207,86.384500378802,11.4779791727889,90.7377973129321,54.7439838152321,26.001587053731,5.06493272145126,11.7990756575301,4.14381790128488,23.3355103501513
38,1.21181211948991,13.9952793982322,23.6014129988437,0.632313131134013,2.49988817080902,30808.7607334803,5.31198174410778,461.098252417922,1166.56875744317,32537.1622639406,11.9263601826783,2.7830401812787,3.16597096837879,0.223793958758812,2.88736921847364,1.29471775612888,7.47382628217645,14.5114055656294,13.9170576808043,0.759952507792509,15.3935781980973,2.34482813224214,11.1521512242026,6.67837737374647,39.5211534180358,34.6490753546092,32.4661911580368,4.13958223390686,25.2848426881498,14.0448849043655,7.2332055276399,4.33185538827984,0.871396313744869,0.133798763718039,28.9351627707935,0.155941986445387,26.2152301344129,178.383703103075,4.28443047858159,27.7888469828721,36.1091264034909,1.72798521633592,1.96383622064017,71.6136006204107,24.9454560334292,81.4060575592221,29.6575008298789,41.5636019668662,0.558541203190416,9.59725393585682,5.15563208778434,22.3547546072931
39,0.663715694382859,7.8736816503224,10.5326611906764,0.429678035466538,1.31591023619165,22005.8966339521,4.27317105781153,626.085367132868,786.402871552549,49925.0522487208,8.48440151472516,1.76918150631425,4.4649124978435,0.60072442970835,2.81626186905033,1.32525237208484,21.0699838888134,7.56577213044428,9.61451066562887,0.513257975199333,10.564606631462,2.82911063474155,20.4071380244765,2.51828329784936,38.6339222088985,15.1854584731052,11.8216547905713,4.71884986045467,63.1510220452184,4.44568812217402,3.99954999736711,0.777220594192422,0.638896754597582,1.13799069706859,4.2331555163794,0.0839638178093535,40.7882636545648,69.7032912783936,1.98005828194081,20.549102032134,65.5804465634388,3.73224223826721,2.05758108063416,82.6142925595638,15.3813896217226,163.76412202739,21.2865615723832,66.4674126248927,0.880986776846872,7.67682588019013,9.45689821656862,14.9441642340134
40,3.61642824024782,29.6406304595827,55.5602861193375,0.518668686033399,2.4985930859405,27184.9313440434,3.82799020811331,316.633061238618,1132.30725991586,24642.6471049342,39.1164702229662,3.56802149014448,5.54002192641474,0.316846530790228,22.1667716721048,24.0048771218467,8.89505692251576,19.5319369266111,14.9007779523763,0.729271435867659,5.63006394958078,1.90807648954808,12.0101514945474,8.86045606804965,39.8391377840772,14.5468067341123,7.5484266377856,48.6091461419694,24.8318859158518,4.65619680962872,2.96281616323541,1.64250320499731,0.495704564919571,0.266431170437521,1.60412150513014,0.0857026561459645,21.7394189498874,150.83102283142,5.72807129306495,81.5797517417071,40.9609372084561,2.33520537182866,0.85413726356334,90.3143099897373,7.86607400383624,164.565868330189,51.0278683148081,35.7660075215142,21.3519884679847,9.2786880100992,5.43959948379482,25.4788201209076
41,1.41895974900599,17.5323611584516,29.4527551980813,0.649349088390913,3.5609399190689,21673.811975854,4.0455338082902,339.282211804785,1016.94472242401,18481.6736623784,21.3527674414608,5.49708194503996,5.59439960241995,0.124858816382357,43.523829616847,24.0691145550781,2.38451638232758,29.7013264663404,16.7393345878337,1.42711410002791,5.74782978638127,0.799549893087642,6.58090662362571,11.2222993206104,48.1309315674903,14.7907081170739,1.54317920970598,71.5329877612756,7.73685106086603,1.04087981344818,5.05910865556155,3.62925505524114,0.140090928375411,0.110984693102856,0.402183358800456,0.217452508534469,19.8378156124779,96.8127769066993,8.90120439001439,47.8929838262234,22.652108989333,2.50653522371665,0.694437902928587,93.0552062600627,5.46077061371248,68.6215281150232,80.5238908095692,10.9332848273594,19.1338740769464,10.7676479581447,3.84602981923546,28.481639320933
42,0.978865827557704,15.3680537619677,24.4466639847251,0.90151050767239,4.27648723976235,17061.2813642771,3.93609323349899,368.560042995705,1014.53677226004,16532.3627173739,14.6609907910524,5.38208096788007,5.7119221577678,0.1383747214688,44.7322561839592,21.1576566255944,0.240793461908828,31.401218950636,21.1185337068602,1.2707483452179,5.60779874687277,0.261595596131395,4.69688694529926,13.8055372294216,45.4522926824398,22.5970306310856,2.63188299207857,67.9135153245075,3.27702042149233,0.734222424992315,9.35305705270794,6.50683294584839,0.317540037065577,0.1347656603138,0.389592192673938,0.0803581662241381,24.0342001785479,136.357306615025,9.30418221900346,38.7115119604207,14.9490161445413,2.19982516750432,0.851480549507065,92.2552635901413,6.38600084911785,44.1049203455927,84.6196961746112,7.36127862533227,15.3152919768385,11.7653964739996,3.21732512716154,30.442276150457
45,1.10542492911744,11.9494170186782,19.5006154602147,0.612786919869018,2.39251939414469,22337.8946799475,5.36320937070977,692.01753701462,684.990529136214,39141.1710291552,10.2823082355004,2.43908129630924,3.98260175989412,0.128545933438704,28.0716555823724,29.7041040257761,2.14440273747047,22.8613280698398,29.0008811291928,0.898373041504597,4.37264692456779,0.598585109426383,6.76327387756925,14.831851951637,49.214439086605,8.08494330539613,5.4885194592987,60.0194742622462,21.6546738787502,0.912386734610444,2.56685645421286,1.28366682052289,0.186744086337334,0.0584354161129333,0.807291478421722,0.136699689093251,47.6847746545458,83.1834551626626,3.65332707842769,23.1189439718535,33.9275936271066,1.857512680731,0.872265646258352,78.7748900191399,19.45601450568,37.4376763079331,78.5094074473162,13.6334672076599,25.271971879851,10.4827067969098,4.35837985380853,31.5545176533361
46,0.850066657102876,13.0256311717103,22.7230439548577,0.627453050615382,2.09977013608836,21076.006783842,6.31008421003146,1020.50089449062,582.810387765663,53313.3654404807,9.65000482963162,1.82994478041489,2.94569857753874,0.0853066446155792,26.2162384854015,25.7261803724259,0.95754457801069,23.4942598880937,37.851210215896,0.757681192926817,3.20342790595855,0.364388911164738,6.09676086577096,15.80752111667,43.5094498478744,9.01351054472125,7.40467667556636,53.604922181081,26.1651583267626,1.05917088642544,4.00240129964049,1.27375344614568,0.198827834507058,0.283910930799397,5.12134633433832,0.1111289760899,60.9666167195448,35.26031144754,2.79717748682661,23.5191298020556,33.8103483280137,3.02021063890721,2.11176032726206,74.5906497651388,23.9991410229383,28.1259509579748,71.0691924317642,18.456816652297,27.8573104535114,10.8978942835323,4.61531292996568,30.8883942646282
47,1.16169040878548,12.1390155149788,16.6591948531417,0.675114451140869,2.46238879509891,23259.9983990992,5.13500868594099,655.889806876196,1105.39268091375,26737.4615698724,10.5589601766474,2.95611206696825,3.01298985747492,0.126669500017108,6.23711811886394,1.29270239065643,1.77338000170374,15.41289591945,23.5087110316706,0.378854515863209,9.03721220256332,0.766714032406813,8.4129991031918,8.06311745709592,43.2802742579917,16.840197362504,28.0903784165086,7.68640061930356,44.0976853640619,5.19407171043077,5.65633122562644,1.39497039999573,0.193547791328093,0.189379599058265,23.1134412706345,0.0440719770251367,34.3139713673004,127.976173396283,3.92417626961102,24.3537171930922,32.8748017691703,0.857881859382249,3.07726048390787,49.8180920192654,48.3092727482936,27.4015063453755,43.6451286372768,29.8808924055739,1.05043465742966,10.3913300042895,4.82775892005349,32.9616819358985
48,0.820069369972411,8.25101944443828,11.2277942828277,0.498069876696921,1.76564404695055,20616.0935928716,4.52608037194853,650.91998237897,867.41772927923,28263.4821690201,8.16657657575194,2.61803842426444,4.69310860775115,0.175283624355573,1.41933511740092,0.737097896965083,2.4166761526886,11.7787762867078,27.9806535646951,0.474610062300966,9.70551268091245,0.683297245277081,9.49760112839406,7.88040565655466,41.3918379202312,8.20500978855153,15.9472829137116,2.34063374575151,69.4190137745065,2.47540596283838,2.36553023340999,0.548172978270323,0.40196175151729,0.245852134009695,10.5214996713207,0.119054529619338,42.4010839172831,133.116111145859,3.61656008011053,18.2651749799105,45.5669621540783,0.84061542316021,1.12325606245043,35.6180339333934,62.5026515683804,24.0491001128871,47.8463232803084,33.8870454816708,0.440866028645178,10.0598744192239,5.21781551141513,35.2055153466636
49,1.45243368782276,17.2170334558247,29.0325168023045,0.819029417460718,3.83485985984133,8369.39099343333,4.59482272344797,972.453973479228,685.485176827571,35919.6197396873,14.3443941248112,4.71537551380794,4.48502520553894,0.212149146299505,15.5327235744488,5.66249876262104,2.98647459758317,18.7508152279837,46.0579330300247,0.281913293796549,4.35169429587967,0.355218260789736,6.37802859381626,22.3172282287578,36.4939596249954,28.0454197216219,9.87693825099529,21.3790101482735,37.2432698456561,5.84832314494734,12.6963221375262,2.66988247414222,1.05630592216607,0.187599419341279,3.96355448423787,0.103855639244878,54.7640313553522,62.5888777471099,6.88023175704553,34.0934765190115,31.6301575242843,3.94047743518251,3.60926465383058,66.0430153496441,31.8226929958887,47.2867943240414,51.7053626507613,33.3719687186487,2.67363853721549,10.9317203455277,5.6542624831588,26.3639485422284
